133,
491,
502,
pains,
gone,
Brown,
Head,
718,
1195,
1241,
keggy,
orders,
1163,
Wait,
1283,
230,
Come,
178,
brave,
section,
bottle,
Oh,$
534,
763,
smooth,
amid,
assessed,
very,
your,g
blurt,
Only,
965,
Daddy,
186,
395,
467,
Germans,
1281,
late,
snide,
1242,
best,
quite,
808,
previously,
voice,
came,
bitch,
1032,
yours,
tea,
primary,
Every,
chuntering,
name,
opinion,
930,
07,P
549,
59,G
whites,
headstone,
crammed,
exercise,
Fine,
canteen,
stuff,
1228,
14,8
tosser,
pick,
already,
lungs,
1259,
cos,
232,
bar,
Bloody,
dig,
compassionate,
1245,
278,
around,
tenner,
Queen,
821,
1097,
Train,
tell,
Instead,
697,
duties,
foe,
1210,
220,
341,
971,
1000,
knocked,
ragheads,
sorting,
See,
like,
bleeding,
potential,
early,
Trying,
Bull,
basic,
mark,
start,
766,
That,
205,
noise,
375,
moaning,
514,
1052,
1260,
needs,
popular,
bugger,
points,
IED,
947,
saved,
Icebreaker,
Islington,
Ingram,
figure,
1008,
whatever,
night,
innit,
304,
duty,
March,
grown,
cake,
902,
wait,
164,
keeps,
landed,
1109,
sins,
Enjoy,
University,
334,
To,
Russian,
1215,
229,
what,(
through,"	"
769,
833,
friend,
huge,
1205,
new,
hope,
left,""
drinking,
pathetic,
faithful,
1239,
Soldiers,
306,
Keep,"	"
tomorrow,
breakfast,
915,
drink,
you,≈≠
worry,
probably,
Took,
focused,
68,
Thank,
Friday,
Belinda,
miracle,
anyone,
spot,
Besides,
crack,
standing,
226,
Ha,
271,
school,
behind,
1072,
afford,
1101,
My,""
790,!
166,
427,
anyway,
Ordered,
bravely,
reading,
perfect,
1262,
263,
sometimes,
given,
1004,
1182,
1243,
745,
standard,
feel,
22,c
85,
always,
OK,
dreams,
1216,
www,
Six,
Dad,""
barn,
pregnant,
777,
breakdowns,
nation,
webbing,
04,o
gullet,
104,
destruction,
243,
Leave,
away,
gallant,
bus,
group,
stood,
1157,
1122,
1252,
6,
113,
253,
basically,
496,
844,
851,
82,
Good,
bullet,
712,
monster,
pretty,
American,
might,"
"
516,
787,
1066,
watch,
ll,)
303,
Dig,
693,
lads,
673,
1246,
12,i
bit,""
want,9
374,
Lost,
473,
408,
able,
655,
1186,
fully,
Ready,
749,
going,*
mate,
only,""
outside,
859,
on,c
111,
loved,
43,&
glad,
1172,
607,
825,
Vale,
145,
Turn,
440,
444,
choice,
079,
fat,
rolled,
twelve,
boxes,
charming,
are,$
year,
treasure,
mummy,
sounds,
driven,
487,
high,
928,
chaff,
chances,
possible,
1067,
1093,
graves,
105,
task,
Leyland,
move,
leggings,
Rapid,
1091,
1232,
is,4
marriage,
field,
644,
756,
regiments,
feed,
death,
Molls,
every,"	"
pint,
Al,
742,
966,
653,
886,
320,
why,
188,
199,
526,
940,
upon,
Scarce,
1145,
Chris,
674,
our,
990,
half,
257,
bags,
clay,
153,
listen,
inspect,
875,
Stan,
party,
453,
dedication,
foot,
conscious,
Ladies,
747,
Two,"
"
Flanders,
Private,
1068,
expert,
dress,
matter,
embarrassing,
839,
Russians,
393,
smug,
died,
patrol,
726,
770,
coverage,
though,
221,
500,
Mind,
cans,
makes,
1224,
416,
pay,
729,
1002,
1044,
rat,
740,
let,"
"
149,
363,
Corporals,
761,
General,
1203,
640,
709,
824,
545,
arms,
Goes,
08,h
family,
120,
must,
1047,
arguments,
less,
029,""
fingers,
Club,
Portway,
shirt,
Including,
His,
take,""
joking,
705,
1129,
British,
faithfully,
blown,
direct,
857,
good,
09,r
146,
551,
645,!
1192,
Nightingale,
523,
a,¬¨
84,
isn,"
"
meet,
171,
333,
locker,
Left,
891,
870,
218,
how,
aged,
816,
1194,
0600,
806,
23,`
sacrifices,
97,
So,
Sometimes,
396,
744,
far,
527,
822,
1178,
223,
PlayStation,
Kill,
1149,
1212,
that,m
mill,
686,
759,
right,+
trying,
so,
543,
737,
977,
training,"	"
764,
53,S
after,
248,
Brighton,
talk,
fell,
895,
Corporal,
tasked,
and,¬é
kids,
192,
job,
likes,
invited,
662,
borrow,
1041,
trainers,
458,
805,
1011,
1117,
625,
Gone,
groaning,
1009,
devour,
1135,
213,
shut,
joining,
397,
recruit,
son,
chestnut,
894,
300,
660,
899,
stop,
break,
807,
1270,
574,
651,
need,"
"
sick,
Newham,
449,
Taliban,
drag,
803,
1190,
47,F
love,
matters,
weeks,"
"
Tell,
progress,
various,
girl,
hear,
42,B
62,
internet,
before,
importantly,
635,
1236,
mum,
419,
515,
690,
1060,
1207,
28,=
219,
282,
631,
room,
cousins,
got,$
152,
475,
Puffy,
996,
frigging,
242,
clearly,
959,
075,
sky,
civvies,
losing,
Molly,
cocktails,
sheets,
474,
absolute,
blink,
ing,
crosses,
think,
78,
ninepence,
454,
separate,
flesh,
grow,
has,
concentration,
672,
buried,
exactly,
1028,
7,
car,
shape,
worth,
build,
962,
nail,
1010,
heard,
316,
bother,
421,
Muslims,
expect,
suicide,
1249,
crisp,
fuck,
assist,
889,
or,
been,
547,
gun,
survive,
lots,
1261,
You,i
today,
Been,
remain,
492,
film,
allowance,
781,
1158,
58,^
Mine,
miss,
831,
warm,
9,
183,
236,
four,
weren,
901,
558,
Faster,
enemy,
813,
yet,
doubt,
Not,""
118,
184,
college,
347,
onto,
place,
join,
35,V
regret,
701,
final,
148,
294,
Little,
carrion,
030,
70,
212,
326,
372,
1095,
piss,
town,
mapped,
422,
517,
ago,
912,
barracks,
mathematics,
lager,
marks,
508,
483,
Except,
taught,
stores,
904,
1035,
Sorry,
Great,
Stratford,
tosspot,
find,
Dyed,
taken,
74,
231,
578,
884,
721,
save,
309,
have,0
283,
312,
Morning,
684,
1264,
1268,
Serving,
Truth,
566,
was,1
anything,
137,
civil,
352,
may,
683,
845," "
881,
1026,
tourniquet,
blond,
With,
Well," "
having,
medicals,
wet,
1013,
1197,
31,R
won,
inflation,
Hang,
happy,
349,
me,M
system,
1115,
1288,
109,
131,
Stand,
pain,
177,
233,
067,
allowing,
1042,
1074,
end,
585,
Miss,
crown,
generals,
1065,
D,
T1,
girlfriend,
852,
leisure,
343,
384,
521,
it,¬ô
123,
Cheers,
040,
minute,
solemnity,
717,
anymore,
26,`
kind,
160,
hole,
371,
marry,
1037,
quarrel,
quickly,
657,
Qaeda,
973,
wearing,
one,%
315,
strengths,
casual,
baby,
didn,""
London,
215,
medical,
524,
1053,
Someone,
399,
heartening,
working,
bullets,
685,
dunno,
changing,
284,
pair,
988,
step,
918,
difficult,
heat,
planet,
bottom,
We,
19,p
191,
seat,
upper,
317,
Seems,
832,
verboten,
530,
1025,
abroad,
attack,
Dave,
062,
179,
worse,
personal,
720,
Tommy,
1222,
730,
Loser,
1006,
065,
Realities,
1238,
turn,
instantly,
jacking,
015,
evening,
952,
4,
390,#
scooters,
com,
bitter,
Road,
786,
1092,
1196,
Don,
136,
157,
bloody,"
"
617,
1062,
sense,
mob,
rhine,
Exactly,
295,
sir,
Organised,
Fluffy,
down,
targets,
967,
could,
Locker,
1248,
morning,
202,
Pirbright,
594,
1088,
1257,
live,
schnozes,
Them,
threat,
numbers,
1033,
244,"	"
names,
recommend,
Charlie,
1253,
958,
976,
people,"	"
honk,
next,
which,
ankle,
441,
booze,
950,!
club,
who,
lift,
484,"	"
876,
nosh,
667,
stank,
1274,
Slammed,
Ain,
everyone,
brought,
pushover,
1165,
469,
pound,
Ta,
91,
walk,
494,
sleep,
241,
355,
attitude,
823,
1267,
400,
guys,
against,
860,
re,1
applicant,
body,
Are,
square,
shades,
1038,
spoon,
manners,
table,
ups,
636,
005,
Fly,
head,
486,
Dark,
995,
65,
hi,
280,
Lauren,""
689,
weak,
blisters,
Devastating,
1201,
word,
supposed,
Money,
commander,
03,q
her,
71,
125,
hurt,
Couldn,
pour,
out,'
Does,
Got,
hobbling,
Oi,
skirt,
complete,
1019,
gobbing,
screaming,
861,
1005,
Tonight,
face,
enjoying,
Dean,
Once,
Hold,
mustard,
fighting,
intelligence,
Preston,
chance,
410,
596,
engagement,
keep,
735,
shagging,
read,
Dirty,
hello,
401,
605,
855,
840,
107,
880,
deal,
993,
387,
practice,
246,
954,
1256,
1073,
water,
122,
680,
296,
Away,
719,
847,
lad,
ruck,
Wales,
conflict,
there,
955,
blocking,
336,
348,
Medical,
unaware,
868,
369,
Mol,
413,
promise,
unfortunately,
plate,
Fall,
cope,
lemonade,
lived,
1125,
coming,""
106,
181,
wake,
woman,
407,
skin,
Back,
55,J
hours,
also,
664,
814,
1050,
983,
Prime,
thousands,
Let,
tests,
size,
mongy,
private,
1131,
into,
165,
dickhead,
Elizabeth,
determined,
anybody,
light,
bullshit,
27,V
if,
129,
525,
004,
effort,
1058,
Really,
father,
ain,"
"
Yes,"	"
Do,
Love,
Anything,
fucking,
919,
819,
treatment,
eyelid,
badder,
044,"	"
883,
771,
Sleep,
drinks,
tin,
102,
bracelet,
questions,
338,
1275,
957,
1202,
258,
780,
437,
698,
bet,
905,
05,¬Ñ
119,
screen,
seams,
1138,
Till,
Troop,
663,
942,
thighs,
1154,
716,
842,
trip,
964,""
stacking,
weapon,
nice,
245,
promote,
nut,
714,
772,
173,
200,
328,
couldn,
898,
1231,
gallantly,
pikey,
69,
mental,
792,
rich,
1031,
11,s
butchers,
sort,
worries,
for,E
90,
Have,
346,
435,
481,
sake,
Brush,
553,
1024,
wasn,
eating,
259,
Ham,
1146,
992,
670," "
869,
compliment,
shitting,
Fail,
627,
officers,
811,
little,"
"
Still,
proper,
trollied,
425,
324,
respect,
358,
646,
border,
020,
them,
babe,
264,
One,
rings,
heads,
198,
960,
stay,
throat,
1209,
chat,
252,
276,
heirs,
1144,
1156,
843,
Shower,
72,
old,
332,
368,
Florence,
texting,
1107,
1183,
playing,
telling,
452,
sale,
service,
mile,
618,
555,
hard,
658,
1043,
Kath,
273,
1220,
ear,
crap,
409,
avoids,
rags,
own,
poppies,
734,
794,
means,
739,
944,
play,
406,
518,
cuttle,
Ministry,
firm,
check,
rest,
with,4
29,>
470,)
cousin,
828,
butt,
1187,
262,
512,
corporal,
forgetting,
would,
excuse,
60,
Army,
part,
Fair,
1147,
Hey,
908,
thing,
879,
5,
hurry,
They,
465,
chap,
themselves,
1171,
clear,
1193,
loves,
extremism,
Maybe,
polish,
788,
area,
1017,
sex,
dance,
Walk,
not,#
573,
sit,
342,
Done,
bend,
Wow,
1127,
16,g
929,
963,
charge,
troops,
126,
Push,
scatter,
Fucking,
Present,
plan,
ruined,
167,
Barack,
washing,
398,
assistance,
ironing,
1204,
members,
510,
ve,
94,
789,
463,
586,
afternoon,
953,
war,
up,1
being,
leaflets,
536,
598,
1076,
576,
593,
754,
things,
1022,
Between,
tradition,
cleansed,
timed,
567,
minutes,
755,
834,
77,
Change,
447,
Mar,
fag,
028,
064,
623,
thank,
ready,
food,
Go,
stab,
417,
472,
Flirting,
glow,
841,
948,
Definitely,
238,
shuffle,
414,
085,
838,
1263,
379,
defend,
537,
years,
Without,
dithered,
glued,
closer,
at,&
No,
162,
doctor,
634,
each,
built,
English,
lose,
250,
778,
391,
screwed,
798,
dawn,
security,
956,
1258,
76,
529,
deeper,
765,
713,
836,
1054,
1141,
everything,
Ah,
587,
Facebook,
723,
allowed,
driving,
bleeders,
here,
varnish,
194,
his,""
keen,
booted,
Geddings,
representing,
702,
talking,
breath,
266,
sun,
404,"
"
Wrong,
1128,
passing,
failing,
Proud,
prayer,
Katy,""
men,
1061,
1089,
513,
546,
stupid,
Stop,
Then,
019,
jerry,
353,
034,
986,
1121,
strength,
060,
378,
1119,
selfish,
poor,
600,
then,
boring,
heave,
Welcome,
uh,
1255,
rightful,
799,
888,
893,
997,
prevent,
heavy,
595,
come,
test,
made,
Feels,
559,
562,
fella,
corps,
t,¬è
101,
missed,
fine,
Show,
grandma,
truth,
2,
290,
ya,
99,
209,
519,
Sambuca,
plane,
thinks,
1110,
Though,
1120,
know,)
06,¬ô
hardly,
Bend,
795,
er,
proud,
490,
544,
604,
1030,
Here,
75,
ha,
known,
nicest,
1102,
52,T
shitty,
451,
974,
special,
208,
556,
Copped,
1018,
411,
Corp,
18,X
Doesn,
197,
throw,
301,
meaning,
1020,
1070,
906,
1269,
look,
37,M
jewellery,
housekeeping,
lettuce,
throughout,
Just,
92,
they,
front,
stopped,
758,
gas,
25,X
069,
214,
Wet,
walking,
Excuse,
try,
lorry,
should,
difference,
Birmingham,
eaten,
Poles,
opened,
727,
taking,
stand,
bulled,
hates,
blast,
T2,
taker,
216,
Royal,
611,
watching,
Forget,
as,
Powerbag,
308,
345,
RAMC,
1148,
corridors,
696,
the,√™
360,
He,
week,
132,
Take,
782,
877,
Aunties,
rules,
thanks,
just,'
ten,
dad,
gob,
even,
377,
leave,
secure,
903,
Undetected,
678,
showing,
509,
she,
311,
long,
point,
bulling,
1111,
1223,
630," "
their,
036,
1265,
cup,
112,
159,
picking,
This,
recruits,
1106,
die,
Tiffany,
trouble,
Touch,
522,
773,
unload,
1159,
1234,
wrong,
050,
783,
354,
480,
cha,
shell,
108,
1094,
1160,
485,
Did,
535,
clown,
hesitate,
carefully,
692,
989,
knobber,
830,
93,
knows,
run,""
394,
forgotten,
661,
802,
359,
Why,
581,
466,
642,
649,
1071,
935,
lost,
260,
Hope,
ethnically,
Five,
along,
obvious,
1130,
17,I
090,
terribly,
668,
733,
bigger,
strange,
1213,
628,
972,
white,
times,
involved,
Banajee,
Selection,
waiting,
563,
send,
dippy,
England,
two,""
reckon,
divided,
511,
sorted,
1087,
1098,
1200,
850,
making,
uniforms,
girls,
688,
attributes,
sophisticated,
guns,
1287,
looked,
knew,
Afghanistan,
201,
285,
287,
knackered,
323,
broken,
says,
80,
Pass,
261,
289,
near,
six,
1235,
Obama,
door,
83,
87,
better,
459,
grave,
1211,
364,
But,
405,
process,
548,
608,
weird,
letters,
happened,
give,"
"
wear,
nervous,
247,
toerag,
677,
1277,
this,""""
Small,
Dawes,
recommended,
1086,
ye,
went,
144,
204,
613,
1064,
Cor,
will,
put,
370,
putting,
1079,
1104,
1003,
sea,
daily,
stink,
tonight,
building,
sproglet,
936,
1103,
staying,
ricket,
746,
double,
UFAS,
smile,
clubbing,
weapons,
hell,
trenches,
singing,
Province,
course,
manner,
464,
station,
Fancy,
fail,
482,
827,
NCOs,
decent,
54,I
ever,
cost,
299,
shopping,
quarters,
941,
1164,
go," "
626,
King,
1151,
00,›à
Happy,
birthday,
shit,"
"
immaculate,
203,
456,
noticed,
1113,
accident,
Lie,
by,
tool,
Give,
424,
457,
lady,
fish,
292,
Everybody,
1176,
084,
fancies,
10,n
eyes,
never,"
"
386,
507,
piece,
daisies,
knacker,
comments,
866,
Seekers,
88,
voted,
872,
touch,
informs,
Mum,
195,
believe,
817,
say,"	"
call,
home,
approve,
489,
arse,
What,?
rent,
Ma,
sergeant,
War,
synced,
1191,
900,
Unless,
man,
130,
truck,
selection,
hand,
446,
kindly,
624,
letter,
Aren,
926,
1012,
of,o
110," "
price,
433,
Frankenstein,
812,
1180,
file,
652,
945,
210,
other,"	"
Will,
load,
1227,
1286,
eh,
us,
614,
081,
guard,
keeping,
867,
done,
89,
rotten,
025,
bursting,
428,
969,
impossible,
phone,
Rumour,
material,
happen,
five,
volunteer,
happens,
103,
322,
completed,
lockers,
German,
49,R
96,
138,
shiny,
1055,
856,
44,L
46,M
black,
collapse,
yourselves,
cult,
286,
Move,
1112,
141,
ran,
1226,
039,
752,
lives,
off,
bed,
Me,
takes,
seemed,
Garners,
083,
laundry,
chamallow,
my,4
vodka,
497,
Everything,
643,
Stay,
818,
Hello,
protect,
spices,
699,
Boys,
504,
583,
1040,
rats,
1173,
168,
country,
Some,
Section,
775,
Qaedas,
again,"	"
Gregory,
minds,
837,
1133,
36,H
070,
And,%
oh,
1082,
agonising,
392,
Sir,
suffice,
Spain,
wept,
753,
bad,
careful,
brother,
542,
533,
Pick,
position,
larks,
1140,
day,
house,
eventually,
screams,
892,
1218,
Right,
Get,
Sara,
Lancashire,
568,
722,
immature,
funny,
86,
357,
933,
1142,
stepping,
get,1
Mrs,
Sainsbury,
option,
doesn,
wheat,
frozen,
zoo,
options,
offer,
wedge,
sorry,
985,
15,>
269,
sure,
128,
dirty,
293,
belt,
Unkind,
412,
plenty,
tells,
compound,
eyeliner,
150,
piles,
dignity,
budgie,
steps,
897,
enjoyed,
caring,
used,
288,
659,
344,
621,
Knackered,
moment,
61,
pub,
228,
climb,
923,
154,
gentlemen,
Shakespeare,
smell,
cleverer,
vote,
423,
decision,
often,
Zero,
scrambled,
949,
66,
211,
932,
Saw,
yeah,
an,""
attention,
498,
804,""
797,
Polish,
478,
observe,
future,
862,
503,
owe,
340,
There,
38,C
584,
honest,
Her,
592,
1155,
together,
saying,
freak,
000,
causes,
girlie,
caused,
Taking,
1217,
soul,
45,W
01,ŒØ
spoil,
ranks,
gym,
738,
shall,
606,
harder,
shoulder,
829,""
163,
colour,
crease,
951,
whole,
Thought,
40,J
Nothing,
How,""
335,
826,
cell,
1240,
Looking,
rope,
individually,
Now,
cleared,
978,
in,U
Bit,
where,
successors,
compensation,
1137,
810,
BARB,
few,
tap,
217,
460,
Exposure,
case,
gave,
124,"
"
oi,
sunshine,
months,
550," "
629,
180,
trier,
Sergeant,
1099,
over,
no,""
checking,
265,
Street,
somewhere,
1285,
much,
Were,
Could,
575,
762,
I,ƒ¢
target,
784,
straight,
digging,
267,
274,
582,
557,
treating,
most,
1175,
world,
189,
800,
cares,
376,
Run,
more,""
48,\
certain,
luck,
849,
Dream,
703,
please,
736,
Jeep,
1278,
979,
268,
743,
brilliant,
comes,
571,
100,
182,
580,
114,
Be,
206,
577,
1132,
ladies,
hospital,
round,
Look,
shaped,
Dunno,
couple,
remember,
beds,
1219,
760,
356,
1069,
1100,
sister,
Iceland,
1162,
climbing,
Middle,
Acting,
valuable,
mare,
1179,
d,
see,
combat,
More,
591,
regulation,
310,!
Erm,
Basic,
flask,
darling,
319,
army,
863,
1090,
305,
Corps,
ammunition,
real,
m,)
402,
worrying,
1273,
Priory,
seven,
066,
Anyone,
Ruby,
streets,
603,
fancy,
occasion,
330,
Problem,
506,
faith,
Minister,
1105,
30,_
mine,
156,
Cos,
write,
certainly,
from,
cow,
185,
431,
brew,
Like,
These,
170,
499,
Um,
366,
381,
helps,
godforsaken,
fitness,
913,
back,
981,
allied,
675,
998,
than,"	"
Each,
blow,
relaxant,
hair,
609,
control,
study,
Muslim,
mysterious,
nigh,
1250,
Of,
set,
enlistment,
1027,
1208,
50,A
gotta,
short,
Because,
bear,
968,
1014,
1021,
Majesty,
pudgy,
tidy,
796,
896,
Aldgate,
carrying,
077,
some,
254,
hands,
extra,
095,
Defence,
later,
Help,
Imagine,
rancid,
God,"	"
while,
Whatever,
337,
push,
Long,
1282,
really,
612,
waste,
638,
spend,
943,
Hurry,
001,
all,0
had,
56,J
order,
462,
yes,
1001,
sized,
080,
Smells,
026,
weight,
074,
272,
On,
both,
story,
3,
666,
since,
Is,
225,
443,
1078,
coloured,
heroic,
Referees,
767,
121,
wiped,
jeans,
wouldn,
bastard,
Jump,
grabbing,
147,
East,
The,
361,
654,
thinking,
preliminary,
1199,
589,
last,
time,
155,
kit,
725,#
bound,
Thanks,
445,
inside,
1237,
eggs,
All,
436,
In,
848,
946,
wicked,
741,
809,
Please,
1189,
1266,
Shaz,
messy,
Our,
aren,
1051,
jumped,
laughing,
Mary,
herself,
161,
633,
874,
1177,
961,
707,
easy,
listening,
generation,
Shall,
768,
Yeah,$
41,@
book,
815,
1293,
undergrasp,
1056,
1123,
175,
mother,
soldier,
318,
1292,
rule,
goes,
till,
Borough,
858,
Anyway,
570,
601,
691,
until,
spooned,
1279,
boyfriend,
local,
famous,
528,
tag,
Insurgents,
1284,
34,b
nothing,
now,
does,
890,
1167,
1015,
1206,
639,
slammed,
140,
fitter,
540,
Allowing,
visitor,
476,
shilling,
collect,
mini,
921,
spazzer,
237,
aspire,
1059,
pushing,
women,
work,"	"
321,
obey,
giving,
641,
711,
absolutely,
impressions,
13,P
560,
everybody,
wanted,
wall,
779,
531,
faces,
he,)
Uh,
brothers,
too,""
told,
477,
1290,
show,
eight,
Unfit,
eat,
news,
seems,
cacking,
610,
chokes,
176,
others,
shoes,
415,
prevail,
money,
allegiance,
532,
dither,
1045,
1,
Might,
hadn,
426,
455,
793,
1272,
killed,
1116,
consequences,
Almighty,
learn,
854,
1057,
1096,
307,
539,
505,
922,
1221,
Artan,"	"
hour,
Mouthwash,
Top,
persuade,
inspection,
major,
67,
127,
ta,
Sky,
471,
responsibility,
865,
1280,
fill,
193,
240,
Rise,
694,
1063,
Saturday,
natural,
1150,
human,
still,
172,
329,
dish,
tried,
maybe,
Forces,
887,
298,
speak,
tentative,
interview,
493,
grin,
scoff,
1230,
1198,
1225,
these,
255,
class,
floating,
982,
hiding,
622,
682,
350,
02,o
430,
Moll,
examination,
327,
991,
224,
swelling,
Jesus,
way,"	"
987,
within,
looking,
well,""
extremely,
chatting,
1170,
1294,
Who,""
98,
wipe,
safety,
pimp,
dead,
665,
920,
ching,
907,
celebrating,
necking,
fend,
smells,
669,
33,W
207,
roof,
676,
fails,
someone,
toys,
deployed,
families,
1036,
1229,
187,
980,
seriously,
bush,
pinned,
Guess,
fact,
383,
367,
technician,
Engineer,
below,
1139,
Understood,
life,
bring,
legs,
Died,
heels,
addic7ed,
enjoy,
279,
mouthwash,
Contact,
feast,
Make,
curry,
Actually,
reckons,
mean,""
616,
mornings,
1049,
about,!
79,
first,
whether,
serious,
nothings,
It,
wonder,
swear,
injured,
taxes,
hold,
yourself,"	"
Phase,
1048,
infested,
1181,
care,
403,
1166,
999,
853,
Which,
331,
362,
comfy,
rebuilt,
801,
939,
impact,
1291,
doing,"	"
tie,
tour,
871,
1084,
590,
Last,
enemies,
1168,
By,
910,
ironed,
caught,
911,
1085,
1184,
385,
van,
Albanian,
382,
938,
637,
139,
important,
927,
Three,
706,
Always,
647,
Red,
warned,
Even,
196,
325,
aspires,
190,$
enough,"
"
1016,
1134,
slag,
Perry,
haven,
unable,
looks,
1247,
great,
116,
Training,
slipped,
Lego,
cheap,
its,
starters,
Sarge,
143,
418,
living,
Those,
656,
entire,
helping,
73,
him,
sixes,
wont,
bits,
because,
saving,
powder,
fields,
1188,
365,!
619,
purpose,
Fire,
poison,
Grrrr,
174,
For,
313,
564,
882,
Bosh,
don,/
461,
between,
arrived,
864,
torch,
51,Z
big,
muscle,
648,
748,
791,
fire,
himself,
She,
thought,
373,
pan,
438,
courage,
1075,
970,
female,
Dye,
wife,
1083,
1233,
If,""
erm,
can,
clothes,
First,
hesitating,
bench,
57,E
64,
fortune,
239,
256,
380,
row,
1152,
pull,
757,
Dithered,
914,
Another,
i,&
region,
to,√¢
lot,""
420,
Write,
corrected,
Oscars,
do,;
busy,
when,"	"
Jade,
brain,
1023,
275,
understand,
help,
774,
adventure,
repercussions,
Loved,
1185,
teachers,
flat,
make,
any,
beautiful,
277,
pass,
pictures,
1271,
1029,
620,
222,
297,
endurance,
saw,
916,
339,
but,
Town,
Test,
ladder,
kill,
022,
579,
needed,
615,
704,
A,
32,I
did,
computer,
495,
felt,
715,
Service,
salute,
balls,
As,
space,
885,
8,
s,¬ù
schnoz,
151,
281,
modest,
favour,
1046,
1077,
81,
468,
second,
1118,
39,Q
251,
695,
731,
Craig,
else,
1174,
63,
soldiers,
depression,
consideration,
under,
full,
115,
badge,
681,
Dead,
dying,
lends,
pisses,
flirting,
1161,
were,
351,
934,
trolley,
loudest,
21,b
ring,
nails,
169,
924,
1136,
sisters,
Your,"
"
732,
1143,
fit,
Iraq,
20,[
24,f
once,
After,
rid,
fight,
975,
1114,
Keogh,
1289,
389,
302,
878,
heart,
finally,
foul,
235,
High,
724,
751,
lie,
mad,
134,
Where,
234,
Find,
552,
588,
those,
95,
488,
1007,
Nine,
waged,
age,
994,
damn,
bothers,
270,
mess,
Up,
anyhow,
daughter,
true,
advance,
1251,
Nice,
442,
541,
671,
answering,
1214,
597,
across,
state,
429,
Shh,
stage,
700,
ground,
1034,
1276,
treat,
withdrawn,
117,
538,
Straight,
remote,
931,
tricky,
142,
When,
Gagging,
Very,
1244,
sells,
either,
obviously,
599,
632,
1080,
equipped,
687,
something,
Hi,
572,
Having,
cap,
450,
1081,
1108,
1153,
1169,
we,","
present,
Helmand,
adversity,
1039,
sunset,
Hopefully,
1126,
227,
388,
434,
hardest,
820,
565,
married,
hate,
getting,
worst,
135,
479,
boots,
road,
afraid,
1254,
750,
569,
days,
314,
432,
937,
chippy,
fallen,
Unclip,
520,
II,
554,
handed,
drill,
fathers,
925,
be,E
forget,
Down,
Can,
Should,
another,
249,
785,
bang,
158,
501,
grade,
561,
random,
917,
Sweet,
jump,
708,
month,
fair,
602,
650,
835,
pissed,
bag,
846,
seem,
Technical,
728,
1124,
honestly,
pointing,
experience,
am,""
teeth,
different,
three,
448,
679,
984,
776,
Job,
710,
such,
person,
said,"
"
line,
291,
blood,
arrive,
439,
mind,
873,
simple,
045,
909,
Half,
side,
